,bibliography_year,inconsistencies,pdb_code,group (OPM),group (MPstruc),rcsentinfo_experimental_method,protein_codes,experimental_method,inconsistency
0,1997,3,1FDM,BITOPIC PROTEINS,TRANSMEMBRANE PROTEINS:ALPHA-HELICAL,"NMR, NMR, X-ray","['1FDM', '1AFO', '1PFO']",Nuclear Magnetic Resonance (NMR),1
1,1997,3,1AFO,BITOPIC PROTEINS,TRANSMEMBRANE PROTEINS:ALPHA-HELICAL,"NMR, NMR, X-ray","['1FDM', '1AFO', '1PFO']",Nuclear Magnetic Resonance (NMR),1
2,1997,3,1PFO,MONOTOPIC MEMBRANE PROTEINS,TRANSMEMBRANE PROTEINS:BETA-BARREL,"NMR, NMR, X-ray","['1FDM', '1AFO', '1PFO']",X-Ray Crystallography,1
3,1998,2,2CPB,BITOPIC PROTEINS,TRANSMEMBRANE PROTEINS:ALPHA-HELICAL,"NMR, X-ray","['2CPB', '1B12']",Nuclear Magnetic Resonance (NMR),1
4,1998,2,1B12,TRANSMEMBRANE PROTEINS:ALPHA-HELICAL,MONOTOPIC MEMBRANE PROTEINS,"NMR, X-ray","['2CPB', '1B12']",X-Ray Crystallography,1
5,2002,3,1GOS,BITOPIC PROTEINS,MONOTOPIC MEMBRANE PROTEINS,"X-ray, X-ray, X-ray","['1GOS', '1MT5', '1KN9']",X-Ray Crystallography,1
6,2002,3,1MT5,BITOPIC PROTEINS,MONOTOPIC MEMBRANE PROTEINS,"X-ray, X-ray, X-ray","['1GOS', '1MT5', '1KN9']",X-Ray Crystallography,1
7,2002,3,1KN9,TRANSMEMBRANE PROTEINS:ALPHA-HELICAL,MONOTOPIC MEMBRANE PROTEINS,"X-ray, X-ray, X-ray","['1GOS', '1MT5', '1KN9']",X-Ray Crystallography,1
8,2003,2,1OJA,BITOPIC PROTEINS,MONOTOPIC MEMBRANE PROTEINS,"X-ray, NMR","['1OJA', '1MZT']",X-Ray Crystallography,1
9,2003,2,1MZT,BITOPIC PROTEINS,TRANSMEMBRANE PROTEINS:ALPHA-HELICAL,"X-ray, NMR","['1OJA', '1MZT']",Nuclear Magnetic Resonance (NMR),1
10,2004,4,1T7D,TRANSMEMBRANE PROTEINS:ALPHA-HELICAL,MONOTOPIC MEMBRANE PROTEINS,"X-ray, NMR, X-ray, X-ray","['1T7D', '1PJF', '1O5W', '1UUM']",X-Ray Crystallography,1
11,2004,4,1PJF,BITOPIC PROTEINS,TRANSMEMBRANE PROTEINS:ALPHA-HELICAL,"X-ray, NMR, X-ray, X-ray","['1T7D', '1PJF', '1O5W', '1UUM']",Nuclear Magnetic Resonance (NMR),1
12,2004,4,1O5W,BITOPIC PROTEINS,MONOTOPIC MEMBRANE PROTEINS,"X-ray, NMR, X-ray, X-ray","['1T7D', '1PJF', '1O5W', '1UUM']",X-Ray Crystallography,1
13,2004,4,1UUM,BITOPIC PROTEINS,MONOTOPIC MEMBRANE PROTEINS,"X-ray, NMR, X-ray, X-ray","['1T7D', '1PJF', '1O5W', '1UUM']",X-Ray Crystallography,1
14,2005,3,1YGM,MONOTOPIC MEMBRANE PROTEINS,TRANSMEMBRANE PROTEINS:ALPHA-HELICAL,"NMR, X-ray, NMR","['1YGM', '2BXR', '1ZLL']",Nuclear Magnetic Resonance (NMR),1
15,2005,3,2BXR,BITOPIC PROTEINS,MONOTOPIC MEMBRANE PROTEINS,"NMR, X-ray, NMR","['1YGM', '2BXR', '1ZLL']",X-Ray Crystallography,1
16,2005,3,1ZLL,BITOPIC PROTEINS,TRANSMEMBRANE PROTEINS:ALPHA-HELICAL,"NMR, X-ray, NMR","['1YGM', '2BXR', '1ZLL']",Nuclear Magnetic Resonance (NMR),1
17,2006,4,2J58,BITOPIC PROTEINS,TRANSMEMBRANE PROTEINS:ALPHA-HELICAL,"X-ray, X-ray, X-ray, NMR","['2J58', '2GMH', '2J7A', '2HAC']",X-Ray Crystallography,1
18,2006,4,2GMH,MONOTOPIC MEMBRANE PROTEINS,TRANSMEMBRANE PROTEINS:ALPHA-HELICAL,"X-ray, X-ray, X-ray, NMR","['2J58', '2GMH', '2J7A', '2HAC']",X-Ray Crystallography,1
19,2006,4,2J7A,BITOPIC PROTEINS,TRANSMEMBRANE PROTEINS:ALPHA-HELICAL,"X-ray, X-ray, X-ray, NMR","['2J58', '2GMH', '2J7A', '2HAC']",X-Ray Crystallography,1
20,2006,4,2HAC,BITOPIC PROTEINS,TRANSMEMBRANE PROTEINS:ALPHA-HELICAL,"X-ray, X-ray, X-ray, NMR","['2J58', '2GMH', '2J7A', '2HAC']",Nuclear Magnetic Resonance (NMR),1
21,2007,3,2OLV,BITOPIC PROTEINS,MONOTOPIC MEMBRANE PROTEINS,"X-ray, X-ray, NMR","['2OLV', '2OQO', '2JO1']",X-Ray Crystallography,1
22,2007,3,2OQO,BITOPIC PROTEINS,MONOTOPIC MEMBRANE PROTEINS,"X-ray, X-ray, NMR","['2OLV', '2OQO', '2JO1']",X-Ray Crystallography,1
23,2007,3,2JO1,BITOPIC PROTEINS,TRANSMEMBRANE PROTEINS:ALPHA-HELICAL,"X-ray, X-ray, NMR","['2OLV', '2OQO', '2JO1']",Nuclear Magnetic Resonance (NMR),1
24,2008,8,2VQG,MONOTOPIC MEMBRANE PROTEINS,TRANSMEMBRANE PROTEINS:ALPHA-HELICAL,"X-ray, NMR, NMR, X-ray, X-ray, X-ray, X-ray, NMR","['2VQG', '2JWA', '2K1L', '2Z5X', '2QCU', '2PRM', '3BKD', '2RLF']",X-Ray Crystallography,1
25,2008,8,2JWA,BITOPIC PROTEINS,TRANSMEMBRANE PROTEINS:ALPHA-HELICAL,"X-ray, NMR, NMR, X-ray, X-ray, X-ray, X-ray, NMR","['2VQG', '2JWA', '2K1L', '2Z5X', '2QCU', '2PRM', '3BKD', '2RLF']",Nuclear Magnetic Resonance (NMR),1
26,2008,8,2K1L,BITOPIC PROTEINS,TRANSMEMBRANE PROTEINS:ALPHA-HELICAL,"X-ray, NMR, NMR, X-ray, X-ray, X-ray, X-ray, NMR","['2VQG', '2JWA', '2K1L', '2Z5X', '2QCU', '2PRM', '3BKD', '2RLF']",Nuclear Magnetic Resonance (NMR),1
27,2008,8,2Z5X,BITOPIC PROTEINS,MONOTOPIC MEMBRANE PROTEINS,"X-ray, NMR, NMR, X-ray, X-ray, X-ray, X-ray, NMR","['2VQG', '2JWA', '2K1L', '2Z5X', '2QCU', '2PRM', '3BKD', '2RLF']",X-Ray Crystallography,1
28,2008,8,2QCU,MONOTOPIC MEMBRANE PROTEINS,TRANSMEMBRANE PROTEINS:ALPHA-HELICAL,"X-ray, NMR, NMR, X-ray, X-ray, X-ray, X-ray, NMR","['2VQG', '2JWA', '2K1L', '2Z5X', '2QCU', '2PRM', '3BKD', '2RLF']",X-Ray Crystallography,1
29,2008,8,2PRM,BITOPIC PROTEINS,MONOTOPIC MEMBRANE PROTEINS,"X-ray, NMR, NMR, X-ray, X-ray, X-ray, X-ray, NMR","['2VQG', '2JWA', '2K1L', '2Z5X', '2QCU', '2PRM', '3BKD', '2RLF']",X-Ray Crystallography,1
30,2008,8,3BKD,BITOPIC PROTEINS,TRANSMEMBRANE PROTEINS:ALPHA-HELICAL,"X-ray, NMR, NMR, X-ray, X-ray, X-ray, X-ray, NMR","['2VQG', '2JWA', '2K1L', '2Z5X', '2QCU', '2PRM', '3BKD', '2RLF']",X-Ray Crystallography,1
31,2008,8,2RLF,BITOPIC PROTEINS,TRANSMEMBRANE PROTEINS:ALPHA-HELICAL,"X-ray, NMR, NMR, X-ray, X-ray, X-ray, X-ray, NMR","['2VQG', '2JWA', '2K1L', '2Z5X', '2QCU', '2PRM', '3BKD', '2RLF']",Nuclear Magnetic Resonance (NMR),1
32,2009,9,3JQO,TRANSMEMBRANE PROTEINS:ALPHA-HELICAL,TRANSMEMBRANE PROTEINS:BETA-BARREL,"X-ray, NMR, X-ray, X-ray, X-ray, NMR, NMR, X-ray, NMR","['3JQO', '2KNC', '3HYW', '3VMA', '3I65', '2KIH', '2KIX', '3HD7', '2KOG']",X-Ray Crystallography,1
33,2009,9,2KNC,BITOPIC PROTEINS,TRANSMEMBRANE PROTEINS:ALPHA-HELICAL,"X-ray, NMR, X-ray, X-ray, X-ray, NMR, NMR, X-ray, NMR","['3JQO', '2KNC', '3HYW', '3VMA', '3I65', '2KIH', '2KIX', '3HD7', '2KOG']",Nuclear Magnetic Resonance (NMR),1
34,2009,9,3HYW,MONOTOPIC MEMBRANE PROTEINS,TRANSMEMBRANE PROTEINS:ALPHA-HELICAL,"X-ray, NMR, X-ray, X-ray, X-ray, NMR, NMR, X-ray, NMR","['3JQO', '2KNC', '3HYW', '3VMA', '3I65', '2KIH', '2KIX', '3HD7', '2KOG']",X-Ray Crystallography,1
35,2009,9,3VMA,BITOPIC PROTEINS,MONOTOPIC MEMBRANE PROTEINS,"X-ray, NMR, X-ray, X-ray, X-ray, NMR, NMR, X-ray, NMR","['3JQO', '2KNC', '3HYW', '3VMA', '3I65', '2KIH', '2KIX', '3HD7', '2KOG']",X-Ray Crystallography,1
36,2009,9,3I65,BITOPIC PROTEINS,MONOTOPIC MEMBRANE PROTEINS,"X-ray, NMR, X-ray, X-ray, X-ray, NMR, NMR, X-ray, NMR","['3JQO', '2KNC', '3HYW', '3VMA', '3I65', '2KIH', '2KIX', '3HD7', '2KOG']",X-Ray Crystallography,1
37,2009,9,2KIH,BITOPIC PROTEINS,TRANSMEMBRANE PROTEINS:ALPHA-HELICAL,"X-ray, NMR, X-ray, X-ray, X-ray, NMR, NMR, X-ray, NMR","['3JQO', '2KNC', '3HYW', '3VMA', '3I65', '2KIH', '2KIX', '3HD7', '2KOG']",Nuclear Magnetic Resonance (NMR),1
38,2009,9,2KIX,BITOPIC PROTEINS,TRANSMEMBRANE PROTEINS:ALPHA-HELICAL,"X-ray, NMR, X-ray, X-ray, X-ray, NMR, NMR, X-ray, NMR","['3JQO', '2KNC', '3HYW', '3VMA', '3I65', '2KIH', '2KIX', '3HD7', '2KOG']",Nuclear Magnetic Resonance (NMR),1
39,2009,9,3HD7,BITOPIC PROTEINS,TRANSMEMBRANE PROTEINS:ALPHA-HELICAL,"X-ray, NMR, X-ray, X-ray, X-ray, NMR, NMR, X-ray, NMR","['3JQO', '2KNC', '3HYW', '3VMA', '3I65', '2KIH', '2KIX', '3HD7', '2KOG']",X-Ray Crystallography,1
40,2009,9,2KOG,BITOPIC PROTEINS,TRANSMEMBRANE PROTEINS:ALPHA-HELICAL,"X-ray, NMR, X-ray, X-ray, X-ray, NMR, NMR, X-ray, NMR","['3JQO', '2KNC', '3HYW', '3VMA', '3I65', '2KIH', '2KIX', '3HD7', '2KOG']",Nuclear Magnetic Resonance (NMR),1
41,2010,7,2KSJ,BITOPIC PROTEINS,TRANSMEMBRANE PROTEINS:ALPHA-HELICAL,"Multiple methods, NMR, NMR, X-ray, NMR, X-ray, NMR","['2KSJ', '2KS1', '2K9Y', '3NSJ', '2L0J', '3LBW', '2L35']",Multiple methods,1
42,2010,7,2KS1,BITOPIC PROTEINS,TRANSMEMBRANE PROTEINS:ALPHA-HELICAL,"Multiple methods, NMR, NMR, X-ray, NMR, X-ray, NMR","['2KSJ', '2KS1', '2K9Y', '3NSJ', '2L0J', '3LBW', '2L35']",Nuclear Magnetic Resonance (NMR),1
43,2010,7,2K9Y,BITOPIC PROTEINS,TRANSMEMBRANE PROTEINS:ALPHA-HELICAL,"Multiple methods, NMR, NMR, X-ray, NMR, X-ray, NMR","['2KSJ', '2KS1', '2K9Y', '3NSJ', '2L0J', '3LBW', '2L35']",Nuclear Magnetic Resonance (NMR),1
44,2010,7,3NSJ,MONOTOPIC MEMBRANE PROTEINS,TRANSMEMBRANE PROTEINS:BETA-BARREL,"Multiple methods, NMR, NMR, X-ray, NMR, X-ray, NMR","['2KSJ', '2KS1', '2K9Y', '3NSJ', '2L0J', '3LBW', '2L35']",X-Ray Crystallography,1
45,2010,7,2L0J,BITOPIC PROTEINS,TRANSMEMBRANE PROTEINS:ALPHA-HELICAL,"Multiple methods, NMR, NMR, X-ray, NMR, X-ray, NMR","['2KSJ', '2KS1', '2K9Y', '3NSJ', '2L0J', '3LBW', '2L35']",Nuclear Magnetic Resonance (NMR),1
46,2010,7,3LBW,BITOPIC PROTEINS,TRANSMEMBRANE PROTEINS:ALPHA-HELICAL,"Multiple methods, NMR, NMR, X-ray, NMR, X-ray, NMR","['2KSJ', '2KS1', '2K9Y', '3NSJ', '2L0J', '3LBW', '2L35']",X-Ray Crystallography,1
47,2010,7,2L35,BITOPIC PROTEINS,TRANSMEMBRANE PROTEINS:ALPHA-HELICAL,"Multiple methods, NMR, NMR, X-ray, NMR, X-ray, NMR","['2KSJ', '2KS1', '2K9Y', '3NSJ', '2L0J', '3LBW', '2L35']",Nuclear Magnetic Resonance (NMR),1
48,2011,10,3LIM,MONOTOPIC MEMBRANE PROTEINS,TRANSMEMBRANE PROTEINS:ALPHA-HELICAL,"X-ray, NMR, NMR, NMR, X-ray, X-ray, X-ray, X-ray, X-ray, Multiple methods","['3LIM', '2KPF', '2L9U', '2LJB', '3ML3', '3PRW', '3P1L', '3Q7M', '2YH3', '2KYV']",X-Ray Crystallography,1
49,2011,10,2KPF,BITOPIC PROTEINS,TRANSMEMBRANE PROTEINS:ALPHA-HELICAL,"X-ray, NMR, NMR, NMR, X-ray, X-ray, X-ray, X-ray, X-ray, Multiple methods","['3LIM', '2KPF', '2L9U', '2LJB', '3ML3', '3PRW', '3P1L', '3Q7M', '2YH3', '2KYV']",Nuclear Magnetic Resonance (NMR),1
50,2011,10,2L9U,BITOPIC PROTEINS,TRANSMEMBRANE PROTEINS:ALPHA-HELICAL,"X-ray, NMR, NMR, NMR, X-ray, X-ray, X-ray, X-ray, X-ray, Multiple methods","['3LIM', '2KPF', '2L9U', '2LJB', '3ML3', '3PRW', '3P1L', '3Q7M', '2YH3', '2KYV']",Nuclear Magnetic Resonance (NMR),1
51,2011,10,2LJB,BITOPIC PROTEINS,TRANSMEMBRANE PROTEINS:ALPHA-HELICAL,"X-ray, NMR, NMR, NMR, X-ray, X-ray, X-ray, X-ray, X-ray, Multiple methods","['3LIM', '2KPF', '2L9U', '2LJB', '3ML3', '3PRW', '3P1L', '3Q7M', '2YH3', '2KYV']",Nuclear Magnetic Resonance (NMR),1
52,2011,10,3ML3,MONOTOPIC MEMBRANE PROTEINS,TRANSMEMBRANE PROTEINS:BETA-BARREL,"X-ray, NMR, NMR, NMR, X-ray, X-ray, X-ray, X-ray, X-ray, Multiple methods","['3LIM', '2KPF', '2L9U', '2LJB', '3ML3', '3PRW', '3P1L', '3Q7M', '2YH3', '2KYV']",X-Ray Crystallography,1
53,2011,10,3PRW,MONOTOPIC MEMBRANE PROTEINS,TRANSMEMBRANE PROTEINS:BETA-BARREL,"X-ray, NMR, NMR, NMR, X-ray, X-ray, X-ray, X-ray, X-ray, Multiple methods","['3LIM', '2KPF', '2L9U', '2LJB', '3ML3', '3PRW', '3P1L', '3Q7M', '2YH3', '2KYV']",X-Ray Crystallography,1
54,2011,10,3P1L,MONOTOPIC MEMBRANE PROTEINS,TRANSMEMBRANE PROTEINS:BETA-BARREL,"X-ray, NMR, NMR, NMR, X-ray, X-ray, X-ray, X-ray, X-ray, Multiple methods","['3LIM', '2KPF', '2L9U', '2LJB', '3ML3', '3PRW', '3P1L', '3Q7M', '2YH3', '2KYV']",X-Ray Crystallography,1
55,2011,10,3Q7M,MONOTOPIC MEMBRANE PROTEINS,TRANSMEMBRANE PROTEINS:BETA-BARREL,"X-ray, NMR, NMR, NMR, X-ray, X-ray, X-ray, X-ray, X-ray, Multiple methods","['3LIM', '2KPF', '2L9U', '2LJB', '3ML3', '3PRW', '3P1L', '3Q7M', '2YH3', '2KYV']",X-Ray Crystallography,1
56,2011,10,2YH3,MONOTOPIC MEMBRANE PROTEINS,TRANSMEMBRANE PROTEINS:BETA-BARREL,"X-ray, NMR, NMR, NMR, X-ray, X-ray, X-ray, X-ray, X-ray, Multiple methods","['3LIM', '2KPF', '2L9U', '2LJB', '3ML3', '3PRW', '3P1L', '3Q7M', '2YH3', '2KYV']",X-Ray Crystallography,1
57,2011,10,2KYV,BITOPIC PROTEINS,TRANSMEMBRANE PROTEINS:ALPHA-HELICAL,"X-ray, NMR, NMR, NMR, X-ray, X-ray, X-ray, X-ray, X-ray, Multiple methods","['3LIM', '2KPF', '2L9U', '2LJB', '3ML3', '3PRW', '3P1L', '3Q7M', '2YH3', '2KYV']",Multiple methods,1
58,2012,3,2LCX,BITOPIC PROTEINS,TRANSMEMBRANE PROTEINS:ALPHA-HELICAL,"NMR, X-ray, X-ray","['2LCX', '3VMT', '3Q54']",Nuclear Magnetic Resonance (NMR),1
59,2012,3,3VMT,BITOPIC PROTEINS,MONOTOPIC MEMBRANE PROTEINS,"NMR, X-ray, X-ray","['2LCX', '3VMT', '3Q54']",X-Ray Crystallography,1
60,2012,3,3Q54,MONOTOPIC MEMBRANE PROTEINS,TRANSMEMBRANE PROTEINS:BETA-BARREL,"NMR, X-ray, X-ray","['2LCX', '3VMT', '3Q54']",X-Ray Crystallography,1
61,2013,4,2LZL,BITOPIC PROTEINS,TRANSMEMBRANE PROTEINS:ALPHA-HELICAL,"NMR, NMR, Multiple methods, NMR","['2LZL', '2LY0', '2M3B', '2M8R']",Nuclear Magnetic Resonance (NMR),1
62,2013,4,2LY0,BITOPIC PROTEINS,TRANSMEMBRANE PROTEINS:ALPHA-HELICAL,"NMR, NMR, Multiple methods, NMR","['2LZL', '2LY0', '2M3B', '2M8R']",Nuclear Magnetic Resonance (NMR),1
63,2013,4,2M3B,BITOPIC PROTEINS,TRANSMEMBRANE PROTEINS:ALPHA-HELICAL,"NMR, NMR, Multiple methods, NMR","['2LZL', '2LY0', '2M3B', '2M8R']",Multiple methods,1
64,2013,4,2M8R,BITOPIC PROTEINS,TRANSMEMBRANE PROTEINS:ALPHA-HELICAL,"NMR, NMR, Multiple methods, NMR","['2LZL', '2LY0', '2M3B', '2M8R']",Nuclear Magnetic Resonance (NMR),1
65,2014,5,4CDB,MONOTOPIC MEMBRANE PROTEINS,TRANSMEMBRANE PROTEINS:ALPHA-HELICAL,"X-ray, NMR, X-ray, NMR, X-ray","['4CDB', '2M59', '4LXJ', '2MFR', '4HSC']",X-Ray Crystallography,1
66,2014,5,2M59,BITOPIC PROTEINS,TRANSMEMBRANE PROTEINS:ALPHA-HELICAL,"X-ray, NMR, X-ray, NMR, X-ray","['4CDB', '2M59', '4LXJ', '2MFR', '4HSC']",Nuclear Magnetic Resonance (NMR),1
67,2014,5,4LXJ,BITOPIC PROTEINS,MONOTOPIC MEMBRANE PROTEINS,"X-ray, NMR, X-ray, NMR, X-ray","['4CDB', '2M59', '4LXJ', '2MFR', '4HSC']",X-Ray Crystallography,1
68,2014,5,2MFR,BITOPIC PROTEINS,TRANSMEMBRANE PROTEINS:ALPHA-HELICAL,"X-ray, NMR, X-ray, NMR, X-ray","['4CDB', '2M59', '4LXJ', '2MFR', '4HSC']",Nuclear Magnetic Resonance (NMR),1
69,2014,5,4HSC,MONOTOPIC MEMBRANE PROTEINS,TRANSMEMBRANE PROTEINS:BETA-BARREL,"X-ray, NMR, X-ray, NMR, X-ray","['4CDB', '2M59', '4LXJ', '2MFR', '4HSC']",X-Ray Crystallography,1
70,2015,4,4TSY,MONOTOPIC MEMBRANE PROTEINS,TRANSMEMBRANE PROTEINS:ALPHA-HELICAL,"X-ray, X-ray, X-ray, X-ray","['4TSY', '5EH4', '4QKC', '4WOL']",X-Ray Crystallography,1
71,2015,4,5EH4,BITOPIC PROTEINS,TRANSMEMBRANE PROTEINS:ALPHA-HELICAL,"X-ray, X-ray, X-ray, X-ray","['4TSY', '5EH4', '4QKC', '4WOL']",X-Ray Crystallography,1
72,2015,4,4QKC,BITOPIC PROTEINS,TRANSMEMBRANE PROTEINS:ALPHA-HELICAL,"X-ray, X-ray, X-ray, X-ray","['4TSY', '5EH4', '4QKC', '4WOL']",X-Ray Crystallography,1
73,2015,4,4WOL,BITOPIC PROTEINS,TRANSMEMBRANE PROTEINS:ALPHA-HELICAL,"X-ray, X-ray, X-ray, X-ray","['4TSY', '5EH4', '4QKC', '4WOL']",X-Ray Crystallography,1
74,2016,6,2MIC,BITOPIC PROTEINS,TRANSMEMBRANE PROTEINS:ALPHA-HELICAL,"NMR, NMR, X-ray, X-ray, X-ray, X-ray","['2MIC', '2N2A', '5HK1', '5IMW', '5IMY', '5B49']",Nuclear Magnetic Resonance (NMR),1
75,2016,6,2N2A,BITOPIC PROTEINS,TRANSMEMBRANE PROTEINS:ALPHA-HELICAL,"NMR, NMR, X-ray, X-ray, X-ray, X-ray","['2MIC', '2N2A', '5HK1', '5IMW', '5IMY', '5B49']",Nuclear Magnetic Resonance (NMR),1
76,2016,6,5HK1,BITOPIC PROTEINS,TRANSMEMBRANE PROTEINS:ALPHA-HELICAL,"NMR, NMR, X-ray, X-ray, X-ray, X-ray","['2MIC', '2N2A', '5HK1', '5IMW', '5IMY', '5B49']",X-Ray Crystallography,1
77,2016,6,5IMW,MONOTOPIC MEMBRANE PROTEINS,TRANSMEMBRANE PROTEINS:BETA-BARREL,"NMR, NMR, X-ray, X-ray, X-ray, X-ray","['2MIC', '2N2A', '5HK1', '5IMW', '5IMY', '5B49']",X-Ray Crystallography,1
78,2016,6,5IMY,MONOTOPIC MEMBRANE PROTEINS,TRANSMEMBRANE PROTEINS:BETA-BARREL,"NMR, NMR, X-ray, X-ray, X-ray, X-ray","['2MIC', '2N2A', '5HK1', '5IMW', '5IMY', '5B49']",X-Ray Crystallography,1
79,2016,6,5B49,BITOPIC PROTEINS,MONOTOPIC MEMBRANE PROTEINS,"NMR, NMR, X-ray, X-ray, X-ray, X-ray","['2MIC', '2N2A', '5HK1', '5IMW', '5IMY', '5B49']",X-Ray Crystallography,1
80,2017,4,5NUO,TRANSMEMBRANE PROTEINS:BETA-BARREL,TRANSMEMBRANE PROTEINS:ALPHA-HELICAL,"X-ray, NMR, X-ray, EM","['5NUO', '5LV6', '5JOO', '5LY6']",X-Ray Crystallography,1
81,2017,4,5LV6,BITOPIC PROTEINS,TRANSMEMBRANE PROTEINS:ALPHA-HELICAL,"X-ray, NMR, X-ray, EM","['5NUO', '5LV6', '5JOO', '5LY6']",Nuclear Magnetic Resonance (NMR),1
82,2017,4,5JOO,BITOPIC PROTEINS,TRANSMEMBRANE PROTEINS:ALPHA-HELICAL,"X-ray, NMR, X-ray, EM","['5NUO', '5LV6', '5JOO', '5LY6']",X-Ray Crystallography,1
83,2017,4,5LY6,MONOTOPIC MEMBRANE PROTEINS,TRANSMEMBRANE PROTEINS:BETA-BARREL,"X-ray, NMR, X-ray, EM","['5NUO', '5LV6', '5JOO', '5LY6']",Cryo-Electron Microscopy (EM),1
84,2018,8,6HJR,BITOPIC PROTEINS,TRANSMEMBRANE PROTEINS:ALPHA-HELICAL,"EM, X-ray, EM, EM, EM, EM, X-ray, EM","['6HJR', '6BFG', '6F2D', '6MLU', '6DLW', '6H03', '6BKK', '6E10']",Cryo-Electron Microscopy (EM),1
85,2018,8,6BFG,BITOPIC PROTEINS,MONOTOPIC MEMBRANE PROTEINS,"EM, X-ray, EM, EM, EM, EM, X-ray, EM","['6HJR', '6BFG', '6F2D', '6MLU', '6DLW', '6H03', '6BKK', '6E10']",X-Ray Crystallography,1
86,2018,8,6F2D,TRANSMEMBRANE PROTEINS:ALPHA-HELICAL,TRANSMEMBRANE PROTEINS:BETA-BARREL,"EM, X-ray, EM, EM, EM, EM, X-ray, EM","['6HJR', '6BFG', '6F2D', '6MLU', '6DLW', '6H03', '6BKK', '6E10']",Cryo-Electron Microscopy (EM),1
87,2018,8,6MLU,TRANSMEMBRANE PROTEINS:ALPHA-HELICAL,MONOTOPIC MEMBRANE PROTEINS,"EM, X-ray, EM, EM, EM, EM, X-ray, EM","['6HJR', '6BFG', '6F2D', '6MLU', '6DLW', '6H03', '6BKK', '6E10']",Cryo-Electron Microscopy (EM),1
88,2018,8,6DLW,MONOTOPIC MEMBRANE PROTEINS,TRANSMEMBRANE PROTEINS:BETA-BARREL,"EM, X-ray, EM, EM, EM, EM, X-ray, EM","['6HJR', '6BFG', '6F2D', '6MLU', '6DLW', '6H03', '6BKK', '6E10']",Cryo-Electron Microscopy (EM),1
89,2018,8,6H03,MONOTOPIC MEMBRANE PROTEINS,TRANSMEMBRANE PROTEINS:BETA-BARREL,"EM, X-ray, EM, EM, EM, EM, X-ray, EM","['6HJR', '6BFG', '6F2D', '6MLU', '6DLW', '6H03', '6BKK', '6E10']",Cryo-Electron Microscopy (EM),1
90,2018,8,6BKK,BITOPIC PROTEINS,TRANSMEMBRANE PROTEINS:ALPHA-HELICAL,"EM, X-ray, EM, EM, EM, EM, X-ray, EM","['6HJR', '6BFG', '6F2D', '6MLU', '6DLW', '6H03', '6BKK', '6E10']",X-Ray Crystallography,1
91,2018,8,6E10,BITOPIC PROTEINS,TRANSMEMBRANE PROTEINS:ALPHA-HELICAL,"EM, X-ray, EM, EM, EM, EM, X-ray, EM","['6HJR', '6BFG', '6F2D', '6MLU', '6DLW', '6H03', '6BKK', '6E10']",Cryo-Electron Microscopy (EM),1
92,2019,5,6MJH,BITOPIC PROTEINS,TRANSMEMBRANE PROTEINS:ALPHA-HELICAL,"X-ray, EM, EM, EM, X-ray","['6MJH', '6JXR', '6NYF', '6MTI', '6MQU']",X-Ray Crystallography,1
93,2019,5,6JXR,BITOPIC PROTEINS,TRANSMEMBRANE PROTEINS:ALPHA-HELICAL,"X-ray, EM, EM, EM, X-ray","['6MJH', '6JXR', '6NYF', '6MTI', '6MQU']",Cryo-Electron Microscopy (EM),1
94,2019,5,6NYF,MONOTOPIC MEMBRANE PROTEINS,TRANSMEMBRANE PROTEINS:ALPHA-HELICAL,"X-ray, EM, EM, EM, X-ray","['6MJH', '6JXR', '6NYF', '6MTI', '6MQU']",Cryo-Electron Microscopy (EM),1
95,2019,5,6MTI,MONOTOPIC MEMBRANE PROTEINS,TRANSMEMBRANE PROTEINS:ALPHA-HELICAL,"X-ray, EM, EM, EM, X-ray","['6MJH', '6JXR', '6NYF', '6MTI', '6MQU']",Cryo-Electron Microscopy (EM),1
96,2019,5,6MQU,BITOPIC PROTEINS,TRANSMEMBRANE PROTEINS:ALPHA-HELICAL,"X-ray, EM, EM, EM, X-ray","['6MJH', '6JXR', '6NYF', '6MTI', '6MQU']",X-Ray Crystallography,1
97,2020,8,6S3R,TRANSMEMBRANE PROTEINS:ALPHA-HELICAL,TRANSMEMBRANE PROTEINS:BETA-BARREL,"EM, NMR, EM, NMR, X-ray, NMR, X-ray, NMR","['6S3R', '7K7A', '6S3S', '6Z0G', '6NV1', '7K3G', '7BV6', '6PVR']",Cryo-Electron Microscopy (EM),1
98,2020,8,7K7A,BITOPIC PROTEINS,TRANSMEMBRANE PROTEINS:ALPHA-HELICAL,"EM, NMR, EM, NMR, X-ray, NMR, X-ray, NMR","['6S3R', '7K7A', '6S3S', '6Z0G', '6NV1', '7K3G', '7BV6', '6PVR']",Nuclear Magnetic Resonance (NMR),1
99,2020,8,6S3S,TRANSMEMBRANE PROTEINS:ALPHA-HELICAL,TRANSMEMBRANE PROTEINS:BETA-BARREL,"EM, NMR, EM, NMR, X-ray, NMR, X-ray, NMR","['6S3R', '7K7A', '6S3S', '6Z0G', '6NV1', '7K3G', '7BV6', '6PVR']",Cryo-Electron Microscopy (EM),1
100,2020,8,6Z0G,BITOPIC PROTEINS,TRANSMEMBRANE PROTEINS:ALPHA-HELICAL,"EM, NMR, EM, NMR, X-ray, NMR, X-ray, NMR","['6S3R', '7K7A', '6S3S', '6Z0G', '6NV1', '7K3G', '7BV6', '6PVR']",Nuclear Magnetic Resonance (NMR),1
101,2020,8,6NV1,BITOPIC PROTEINS,TRANSMEMBRANE PROTEINS:ALPHA-HELICAL,"EM, NMR, EM, NMR, X-ray, NMR, X-ray, NMR","['6S3R', '7K7A', '6S3S', '6Z0G', '6NV1', '7K3G', '7BV6', '6PVR']",X-Ray Crystallography,1
102,2020,8,7K3G,BITOPIC PROTEINS,TRANSMEMBRANE PROTEINS:ALPHA-HELICAL,"EM, NMR, EM, NMR, X-ray, NMR, X-ray, NMR","['6S3R', '7K7A', '6S3S', '6Z0G', '6NV1', '7K3G', '7BV6', '6PVR']",Nuclear Magnetic Resonance (NMR),1
103,2020,8,7BV6,BITOPIC PROTEINS,TRANSMEMBRANE PROTEINS:ALPHA-HELICAL,"EM, NMR, EM, NMR, X-ray, NMR, X-ray, NMR","['6S3R', '7K7A', '6S3S', '6Z0G', '6NV1', '7K3G', '7BV6', '6PVR']",X-Ray Crystallography,1
104,2020,8,6PVR,BITOPIC PROTEINS,TRANSMEMBRANE PROTEINS:ALPHA-HELICAL,"EM, NMR, EM, NMR, X-ray, NMR, X-ray, NMR","['6S3R', '7K7A', '6S3S', '6Z0G', '6NV1', '7K3G', '7BV6', '6PVR']",Nuclear Magnetic Resonance (NMR),1
105,2021,6,7AGX,TRANSMEMBRANE PROTEINS:ALPHA-HELICAL,TRANSMEMBRANE PROTEINS:BETA-BARREL,"EM, EM, NMR, EM, X-ray, NMR","['7AGX', '7OKN', '7KN0', '7LQ6', '6LKD', '7OFM']",Cryo-Electron Microscopy (EM),1
106,2021,6,7OKN,TRANSMEMBRANE PROTEINS:ALPHA-HELICAL,TRANSMEMBRANE PROTEINS:BETA-BARREL,"EM, EM, NMR, EM, X-ray, NMR","['7AGX', '7OKN', '7KN0', '7LQ6', '6LKD', '7OFM']",Cryo-Electron Microscopy (EM),1
107,2021,6,7KN0,BITOPIC PROTEINS,TRANSMEMBRANE PROTEINS:ALPHA-HELICAL,"EM, EM, NMR, EM, X-ray, NMR","['7AGX', '7OKN', '7KN0', '7LQ6', '6LKD', '7OFM']",Nuclear Magnetic Resonance (NMR),1
108,2021,6,7LQ6,BITOPIC PROTEINS,MONOTOPIC MEMBRANE PROTEINS,"EM, EM, NMR, EM, X-ray, NMR","['7AGX', '7OKN', '7KN0', '7LQ6', '6LKD', '7OFM']",Cryo-Electron Microscopy (EM),1
109,2021,6,6LKD,BITOPIC PROTEINS,TRANSMEMBRANE PROTEINS:ALPHA-HELICAL,"EM, EM, NMR, EM, X-ray, NMR","['7AGX', '7OKN', '7KN0', '7LQ6', '6LKD', '7OFM']",X-Ray Crystallography,1
110,2021,6,7OFM,BITOPIC PROTEINS,MONOTOPIC MEMBRANE PROTEINS,"EM, EM, NMR, EM, X-ray, NMR","['7AGX', '7OKN', '7KN0', '7LQ6', '6LKD', '7OFM']",Nuclear Magnetic Resonance (NMR),1
111,2022,9,7WSO,BITOPIC PROTEINS,TRANSMEMBRANE PROTEINS:ALPHA-HELICAL,"EM, EM, EM, X-ray, EM, EM, NMR, EM, NMR","['7WSO', '7XT6', '7XQ8', '7W2B', '7RSL', '8A1D', '7MPA', '7FJD', '7VU5']",Cryo-Electron Microscopy (EM),1
112,2022,9,7XT6,BITOPIC PROTEINS,TRANSMEMBRANE PROTEINS:ALPHA-HELICAL,"EM, EM, EM, X-ray, EM, EM, NMR, EM, NMR","['7WSO', '7XT6', '7XQ8', '7W2B', '7RSL', '8A1D', '7MPA', '7FJD', '7VU5']",Cryo-Electron Microscopy (EM),1
113,2022,9,7XQ8,BITOPIC PROTEINS,TRANSMEMBRANE PROTEINS:ALPHA-HELICAL,"EM, EM, EM, X-ray, EM, EM, NMR, EM, NMR","['7WSO', '7XT6', '7XQ8', '7W2B', '7RSL', '8A1D', '7MPA', '7FJD', '7VU5']",Cryo-Electron Microscopy (EM),1
114,2022,9,7W2B,BITOPIC PROTEINS,TRANSMEMBRANE PROTEINS:ALPHA-HELICAL,"EM, EM, EM, X-ray, EM, EM, NMR, EM, NMR","['7WSO', '7XT6', '7XQ8', '7W2B', '7RSL', '8A1D', '7MPA', '7FJD', '7VU5']",X-Ray Crystallography,1
115,2022,9,7RSL,TRANSMEMBRANE PROTEINS:ALPHA-HELICAL,MONOTOPIC MEMBRANE PROTEINS,"EM, EM, EM, X-ray, EM, EM, NMR, EM, NMR","['7WSO', '7XT6', '7XQ8', '7W2B', '7RSL', '8A1D', '7MPA', '7FJD', '7VU5']",Cryo-Electron Microscopy (EM),1
116,2022,9,8A1D,MONOTOPIC MEMBRANE PROTEINS,TRANSMEMBRANE PROTEINS:BETA-BARREL,"EM, EM, EM, X-ray, EM, EM, NMR, EM, NMR","['7WSO', '7XT6', '7XQ8', '7W2B', '7RSL', '8A1D', '7MPA', '7FJD', '7VU5']",Cryo-Electron Microscopy (EM),1
117,2022,9,7MPA,BITOPIC PROTEINS,TRANSMEMBRANE PROTEINS:ALPHA-HELICAL,"EM, EM, EM, X-ray, EM, EM, NMR, EM, NMR","['7WSO', '7XT6', '7XQ8', '7W2B', '7RSL', '8A1D', '7MPA', '7FJD', '7VU5']",Nuclear Magnetic Resonance (NMR),1
118,2022,9,7FJD,BITOPIC PROTEINS,TRANSMEMBRANE PROTEINS:ALPHA-HELICAL,"EM, EM, EM, X-ray, EM, EM, NMR, EM, NMR","['7WSO', '7XT6', '7XQ8', '7W2B', '7RSL', '8A1D', '7MPA', '7FJD', '7VU5']",Cryo-Electron Microscopy (EM),1
119,2022,9,7VU5,BITOPIC PROTEINS,TRANSMEMBRANE PROTEINS:ALPHA-HELICAL,"EM, EM, EM, X-ray, EM, EM, NMR, EM, NMR","['7WSO', '7XT6', '7XQ8', '7W2B', '7RSL', '8A1D', '7MPA', '7FJD', '7VU5']",Nuclear Magnetic Resonance (NMR),1
120,2023,1,8GI1,BITOPIC PROTEINS,TRANSMEMBRANE PROTEINS:BETA-BARREL,EM,['8GI1'],Cryo-Electron Microscopy (EM),1
